Name,Image,Team,Batting_Style,Bowling_Style,Playing_Role
MS Dhoni,https://encrypted-tbn0.gstatic.com/images?q=tbn:ANd9GcRoUZ19Rp-FlEg02UhKOqBUiBRT1J4InZ3_vLWAGHiAYImdt0LDB_SQu6CEjw&s,Chennai Super Kings ,Right hand Bat,Right arm Medium,Wicketkeeper Batter
Akash Singh,https://encrypted-tbn0.gstatic.com/images?q=tbn:ANd9GcQxygF56_6U0g6Bs02tXLSFAPduLWVpN-tgjSjEohCCX_ew0ITiNbQ6BgYrqho&s,Chennai Super Kings ,Right hand Bat,Left arm Medium fast,Bowler
Moeen Ali,https://encrypted-tbn0.gstatic.com/images?q=tbn:ANd9GcRUgB7zsseKFmrZnwAPEYkjtzO3KHoTQBUclu1F0-HojP6EPf_dLkK0DdUULQ&s,Chennai Super Kings ,Left hand Bat,Right arm Offbreak,Batting Allrounder
Bhagath Varma,https://encrypted-tbn0.gstatic.com/images?q=tbn:ANd9GcRFm5pX5kmdsIlGFs9wT9ZuxZ2U3JZgvq8mVck1mittefdIioocRrtVStScssQ&s,Chennai Super Kings ,Right hand Bat,Right arm Offbreak,Bowling Allrounder
Deepak Chahar,https://encrypted-tbn0.gstatic.com/images?q=tbn:ANd9GcRd7nOMtZsKHBouCTif2g5ItkWy0twWeANvFcWF3xTpUi-yOctMajwKHLWC6w&s,Chennai Super Kings ,Right hand Bat,Right arm Medium,Bowler
Devon Conway,https://encrypted-tbn0.gstatic.com/images?q=tbn:ANd9GcSYwDp9v5sCvRC3mrAgjI_b9VQqZoYeHD1iKJs16WfM8xCELrMe8zZyxgn6SA&s,Chennai Super Kings ,Left hand Bat,Right arm Medium,Wicketkeeper Batter
Tushar Deshpande,https://encrypted-tbn0.gstatic.com/images?q=tbn:ANd9GcSkYha8ILoYCTbIEuIgktHR4-pmK7oZQPK98jPpcWVyKOiPMdwtFi2bWCo6n2k&s,Chennai Super Kings ,Left hand Bat,Right arm Medium,Bowler
Shivam Dube,https://encrypted-tbn0.gstatic.com/images?q=tbn:ANd9GcSLf4OVxLeAdqpjfdX9igGMZfOCNlmLv_bfReqb9W2YNJOfHjnZQmnkleM7yQ&s,Chennai Super Kings ,Left hand Bat,Right arm Medium,Allrounder
Ruturaj Gaikwad,https://encrypted-tbn0.gstatic.com/images?q=tbn:ANd9GcSk3X_RXqME6LLCV8s9f5XFVNKzS81oA8-Yu9Uv5yHFI4_JnOtRAo1Gzb4G1w&s,Chennai Super Kings ,Right hand Bat,Right arm Offbreak,Batter
Rajvardhan Hangargekar,https://encrypted-tbn0.gstatic.com/images?q=tbn:ANd9GcSGIYLJhwMAKrbdfi45Lb7DrpU7Z5hI6sM4NlN9k34UKgfP1xcv4EcHzcvLLjM&s,Chennai Super Kings ,Right hand Bat,Right arm Fast medium,Bowling Allrounder
Ravindra Jadeja,https://encrypted-tbn0.gstatic.com/images?q=tbn:ANd9GcRPazZ4pv_FlZ4aw9iuZUemsIwdoy1B1cLwewr0SSnRA3DLQtTfCLgacXhGEw&s,Chennai Super Kings ,Left hand Bat,Slow Left arm Orthodox,Allrounder
Sisanda Magala,https://encrypted-tbn0.gstatic.com/images?q=tbn:ANd9GcT_oRg5aLCB_4581LzZkUALUYHT_GZRrrtqD-GM09YJfiFa40u2i3cW4J07Lw&s,Chennai Super Kings ,Right hand Bat,Right arm Fast medium,Bowler
Ajay Mandal,https://encrypted-tbn0.gstatic.com/images?q=tbn:ANd9GcQjM7ks1dfJsJfLfJPCKknZRITy1LBi1-KYynltZvzF6umma-LD9WzIemj079Y&s,Chennai Super Kings ,Left hand Bat,Slow Left arm Orthodox,Allrounder
Matheesha Pathirana,https://encrypted-tbn0.gstatic.com/images?q=tbn:ANd9GcR09Dha2x5fGxjPie962X5r7rAImxwhxqngXdKVTq3EixGr7jlVFXDWeKD4Dw&s,Chennai Super Kings ,Right hand Bat,Right arm Fast,Bowler
Dwaine Pretorius,https://encrypted-tbn0.gstatic.com/images?q=tbn:ANd9GcT3TYvtHW0sKpbMs7GWJWMYSFACv6xDrmd6c1n_8h4ngr0xtQYq6Zi3oTksT2k&s,Chennai Super Kings ,Right hand Bat,Right arm Medium fast,Bowling Allrounder
Ajinkya Rahane,https://encrypted-tbn0.gstatic.com/images?q=tbn:ANd9GcRIxXNInTFQsSIpWStddGJtH5ICg01ldUuxQo8VjIBnjm3yRIsHkED1YqgiIg&s,Chennai Super Kings ,Right hand Bat,Right arm Medium,Top order Batter
Shaik Rasheed,https://encrypted-tbn0.gstatic.com/images?q=tbn:ANd9GcTGYbqcFW3XRUYBPW6FZtLLiSsRjrBYvczdyXceXAsqhYoWxdmdSyzQOTgjnxc&s,Chennai Super Kings ,Right hand Bat,Legbreak,Batter
Ambati Rayudu,https://encrypted-tbn0.gstatic.com/images?q=tbn:ANd9GcRFEAq_NEAEW6z0EJHWqex3sNpZsqKgId1jO8odWIffuA7Hwg3fgFQFCtb9e64&s,Chennai Super Kings ,Right hand Bat,Right arm Offbreak,Middle order Batter
Mitchell Santner,https://encrypted-tbn0.gstatic.com/images?q=tbn:ANd9GcTavHIqWJgXdulqEaLzNZpWUqU1RMGHfJRy-ajTW-r6kRntZpmiUlXmK7Upbug&s,Chennai Super Kings ,Left hand Bat,Slow Left arm Orthodox,Bowling Allrounder
Subhranshu Senapati,https://encrypted-tbn0.gstatic.com/images?q=tbn:ANd9GcTELU3jXYpFvK9ZXWf0RWkB0CVdNXb2vysbIZKMoaEe1cF0JqfB65Ufscr0Jmc&s,Chennai Super Kings ,Right hand Bat,Right arm Medium,Top order Batter
Simarjeet Singh,https://encrypted-tbn0.gstatic.com/images?q=tbn:ANd9GcTeTfm7stJ94gyp7D-4LcKVmnYxdF-B9yp-ld64NVgEthwH7EdfD4C2URKKkjA&s,Chennai Super Kings ,Right hand Bat,Right arm Medium fast,Bowler
Nishant Sindhu,https://encrypted-tbn0.gstatic.com/images?q=tbn:ANd9GcTglvTJg12wSTBLDSw27rXeNOP8hNgP0bs6_YLZatCGsHSLRi-7tJZjxY0pRgU&s,Chennai Super Kings ,Left hand Bat,Slow Left arm Orthodox,Allrounder
Prashant Solanki,https://encrypted-tbn0.gstatic.com/images?q=tbn:ANd9GcQ54uriaPjkB15JPofB5juLsTDvwQSRMDjk5d3mk740RiZgFxQ1svbJDcyEa8E&s,Chennai Super Kings ,Right hand Bat,Legbreak,Bowler
Ben Stokes,https://encrypted-tbn0.gstatic.com/images?q=tbn:ANd9GcQMTrTWy_z5Jnn7TayXcSaR6AcjXPNKawQJTIUDrfeZApfspRNmFsP4v6BQ6EQ&s,Chennai Super Kings ,Left hand Bat,Right arm Fast medium,Allrounder
Maheesh Theekshana,https://encrypted-tbn0.gstatic.com/images?q=tbn:ANd9GcQWscp7E9lMK88e94KSB-Mk_D0W-sd-4OZqgk2bs_9z6qjNl6NECoybMgATp-c&s,Chennai Super Kings ,Right hand Bat,Right arm Offbreak,Bowler
Kyle Jamieson,https://encrypted-tbn0.gstatic.com/images?q=tbn:ANd9GcQ-_sOHgCdhWBhg6byo-CZIgcWWkLD8TwM_5NponBjFaRSOZWppCwrIY4ApE3E&s,Chennai Super Kings ,Right hand Bat,Right arm Fast medium,Bowler
Mukesh Choudhary,https://encrypted-tbn0.gstatic.com/images?q=tbn:ANd9GcSP8YChxUcWamizy76RNPDgTKCyMT7VOVG_E_S224_ZIma4WocZ_bN0bAK4qzE&s,Chennai Super Kings ,Left hand Bat,Left arm Medium,Bowler
David Warner,https://encrypted-tbn0.gstatic.com/images?q=tbn:ANd9GcTj9hvdo9RD8rA6FXEdGfC_XCMJfkO6aN9zsRS_1pRxHmKLwnz50_DANtBUkw&s,Delhi Capitals ,Left hand Bat,Legbreak,Opening Batter
Abishek Porel,https://encrypted-tbn0.gstatic.com/images?q=tbn:ANd9GcRSQykVrAq9OjwvyK3f7kmS5u2LW5ZpD6T0sQT_XlEtz2f8ru_XGRs_v09yFA&s,Delhi Capitals ,Left hand Bat,,Wicketkeeper Batter
Khaleel Ahmed,https://encrypted-tbn0.gstatic.com/images?q=tbn:ANd9GcQC5SsG9DJ5NGJJv4j27uTjDiOGvLXqcJFNOa8FX5Dvvgx2q8_o0ewGBcmvdQ&s,Delhi Capitals ,Right hand Bat,Left arm Medium,Bowler
Aman Hakim Khan,https://encrypted-tbn0.gstatic.com/images?q=tbn:ANd9GcQZcv3JDBgBXsrCW3cB7T6n5xr5yWwP8cuBQ3U-vyL6QwPggDWF6VjPOANpOso&s,Delhi Capitals ,Right hand Bat,Right arm Medium,Allrounder
Yash Dhull,https://encrypted-tbn0.gstatic.com/images?q=tbn:ANd9GcQVcHGFmYm-mHfVAElC5ajPkfW10V5H9D0Pkrys5AKoOY08gm0x9bBC8WZ-o0g&s,Delhi Capitals ,Right hand Bat,Right arm Offbreak,Top order Batter
Praveen Dubey,https://encrypted-tbn0.gstatic.com/images?q=tbn:ANd9GcSj7wmhO6LvQ1AuiJo34YunOSjPJ7XHK49VCv0bBP1EWrdwfAQF_jmLxhaAtZE&s,Delhi Capitals ,Right hand Bat,Legbreak Googly,Bowler
Priyam Garg,https://encrypted-tbn0.gstatic.com/images?q=tbn:ANd9GcSsHW2zRgSIQ98_808UvNz9SSie7fMHd6ECjzFcMzIj3mBO9xgICoKjCuLPDbY&s,Delhi Capitals ,Right hand Bat,Right arm Medium,Top order Batter
Sarfaraz Khan,https://encrypted-tbn0.gstatic.com/images?q=tbn:ANd9GcTdfdA2HDAhE2kw9q_wIojU0818LODVjifT-Lk3zvHNuC_SZQ2KYIpy9L4tTw&s,Delhi Capitals ,Right hand Bat,Legbreak,Middle order Batter
Kuldeep Yadav,https://encrypted-tbn0.gstatic.com/images?q=tbn:ANd9GcQLfTWXzRV-ZfPFMFBfrURzNhMN6HEsV9vKDZ8m2y1577h4jKqHO633aLNt7A&s,Delhi Capitals ,Left hand Bat,Left arm Wrist spin,Bowler
Lalit Yadav,https://encrypted-tbn0.gstatic.com/images?q=tbn:ANd9GcT60ZZT_hLK3DknKjf4T2vYX5MeYljz98tHzR2-QzfUbvg4GwHQCGfRvKYuOBQ&s,Delhi Capitals ,Right hand Bat,Right arm Offbreak,Allrounder
Mitchell Marsh,https://encrypted-tbn0.gstatic.com/images?q=tbn:ANd9GcTwIe7JkBLuBceA2amR-4Eo03vcSggXBtFhUIfIjXeluAglEiHQUuJpfI5utA&s,Delhi Capitals ,Right hand Bat,Right arm Medium,Allrounder
Mukesh Kumar,https://encrypted-tbn0.gstatic.com/images?q=tbn:ANd9GcQWMVAoNBDN_MkAfejALlmmygQ5lv4Ux3iJ2dxVR_fSmWdwaOVhwR_U6nsIDXM&s,Delhi Capitals ,Right hand Bat,Right arm Medium,Bowler
Mustafizur Rahman,https://encrypted-tbn0.gstatic.com/images?q=tbn:ANd9GcTVb0f0IkmRgvyZCZ_lVhjQw6Uwoagdc7GcQgdhiyvVm9QuHgEZyGBNn5wSUYw&s,Delhi Capitals ,Left hand Bat,Left arm Fast medium,Bowler
Lungi Ngidi,https://encrypted-tbn0.gstatic.com/images?q=tbn:ANd9GcQyu-AM-9s0L9S0yROhQ1rFeDcxbFrqbjafrtfdJelI0XMduLqGsdU9nOcMTw&s,Delhi Capitals ,Right hand Bat,Right arm Fast medium,Bowler
Anrich Nortje,https://encrypted-tbn0.gstatic.com/images?q=tbn:ANd9GcTt1yk_O4mFJafcf-SjXIj47mqR58wO-pml9slvk-0z67FPJ1DQc9xFJBa9OA&s,Delhi Capitals ,Right hand Bat,Right arm Fast,Bowler
Vicky Ostwal,https://encrypted-tbn0.gstatic.com/images?q=tbn:ANd9GcTTkAU_xXKRNL0q9wTjjtn7UjDUrQTK_wzjxkVVYMSnO9MLxTFF00esjdKxea8&s,Delhi Capitals ,Right hand Bat,Slow Left arm Orthodox,Bowler
Manish Pandey,https://encrypted-tbn0.gstatic.com/images?q=tbn:ANd9GcQtgh8bbe93cWll3p4pvCBmW67seowHHYFqNIYNJeMFrLd-TRyV8is8RYkXFfE&s,Delhi Capitals ,Right hand Bat,Right arm Medium,Top order Batter
Ripal Patel,https://encrypted-tbn0.gstatic.com/images?q=tbn:ANd9GcQIQ-mFdphYeHDTSD81sBbdjuBFcxd_opCY80K7kN_Vdnf7aFgOnjGzVhzjfw&s,Delhi Capitals ,Right hand Bat,Right arm Medium fast,Middle order Batter
Axar Patel,https://encrypted-tbn0.gstatic.com/images?q=tbn:ANd9GcQb0B1__RFh2AcLUb5tJCbGXW2hwmsop4G9WeNbzoWfyoK86_BAmEDhboKTxg&s,Delhi Capitals ,Left hand Bat,Slow Left arm Orthodox,Bowling Allrounder
Rovman Powell,https://encrypted-tbn0.gstatic.com/images?q=tbn:ANd9GcSNxwUfPN0Scy7VPPooCYIj-byo8Vrdz0rN5Au7j_S-hXKGb733WBcsCfkYXw&s,Delhi Capitals ,Right hand Bat,Right arm Medium fast,Middle order Batter
Rilee Rossouw,https://encrypted-tbn0.gstatic.com/images?q=tbn:ANd9GcQDVYIkoYrYk0S5t2ihIvQzcpUQfogioV9rB6VBu_xG43gzK6zx09Bd4elFpQ&s,Delhi Capitals ,Left hand Bat,Right arm Offbreak,Top order Batter
Chetan Sakariya,https://encrypted-tbn0.gstatic.com/images?q=tbn:ANd9GcS9om51UjDZRu-uwYgl_7g8y_24zjmC2j4n6Cvjka1sf1w6-kXqDzUDp-SGQvs&s,Delhi Capitals ,Left hand Bat,Left arm Medium fast,Bowler
Phil Salt,https://encrypted-tbn0.gstatic.com/images?q=tbn:ANd9GcQmKsMIDrO-KBsaH8CFGtTYndIHRX3m2BO4I8X49YK9pXYHsPqnDDUhCJ9TBJ0&s,Delhi Capitals ,Right hand Bat,Right arm Offbreak,Wicketkeeper Batter
Ishant Sharma,https://encrypted-tbn0.gstatic.com/images?q=tbn:ANd9GcQosRIDNVvEGdlgpXxE7iHqtvAm-gSle7av4ysnlP8YM0LydToQ9k0pa7cXvY0&s,Delhi Capitals ,Right hand Bat,Right arm Fast medium,Bowler
Prithvi Shaw,https://encrypted-tbn0.gstatic.com/images?q=tbn:ANd9GcSLrH_52qZMHW23i-3-n5j_rziMzsOlm6hEJgXKGOnCdy6WMIuDPcSi3Xs1ww&s,Delhi Capitals ,Right hand Bat,Right arm Offbreak,Opening Batter
Kamlesh Nagarkoti,https://encrypted-tbn0.gstatic.com/images?q=tbn:ANd9GcQ6bCbtEFbPgkAsTBl3zALs4jI7ARXI-g-x7R8HYP6KQ-WxyiUEJfd87AAdPA&s,Delhi Capitals ,Right hand Bat,Right arm Fast,Bowler
Rishabh Pant,https://encrypted-tbn0.gstatic.com/images?q=tbn:ANd9GcTNI-3qSBLTWuY9eRiutkazGj7fcpRSr6pmHZAMcal6wQdemY19ibzeHo5VNw&s,Delhi Capitals ,Left hand Bat,,Wicketkeeper Batter
Hardik Pandya,https://encrypted-tbn0.gstatic.com/images?q=tbn:ANd9GcTboYmQI3txfTIECB3HovJ1JHCRSnbFyuUOCCBqLSj0k-OIw9osPcQVlih18Q&s,Gujarat Titans ,Right hand Bat,Right arm Medium fast,Allrounder
Srikar Bharat,https://encrypted-tbn0.gstatic.com/images?q=tbn:ANd9GcTN_E5yh1CmIlHJvwfeAY0a_gbTzUtvHIAvRE-3HX-jh9xBLNsP0GL64LLEFw&s,Gujarat Titans ,Right hand Bat,,Wicketkeeper Batter
Alzarri Joseph,https://encrypted-tbn0.gstatic.com/images?q=tbn:ANd9GcQj_12DcCT_zz77mXj0tLOjz8UU_OJbhQ_p9dguQ-fzcn9YSk3pGt8CkIC40Q&s,Gujarat Titans ,Right hand Bat,Right arm Fast,Bowler
Josh Little,https://encrypted-tbn0.gstatic.com/images?q=tbn:ANd9GcQlNfTHyvYOQ2ILVSvSXGHT8jgo2cc_EmshjL7R7QQDJ06XSNYI-umZO8o5-Q&s,Gujarat Titans ,Right hand Bat,Left arm Fast medium,Bowler
Abhinav Manohar,https://encrypted-tbn0.gstatic.com/images?q=tbn:ANd9GcQDZvf2_QfubG1vEO4d7IZvQzCmxHH-LzNc1zXrYWPE8WK74T_pmgHsqfenEh8&s,Gujarat Titans ,Right hand Bat,Legbreak Googly,Batting Allrounder
David Miller,https://encrypted-tbn0.gstatic.com/images?q=tbn:ANd9GcQqFaVxWXQ6G87V1fbLZzqjVmA3T2uXF5rcoNO07-euDK2ovdG2N3KRPZP-lA&s,Gujarat Titans ,Left hand Bat,Right arm Offbreak,Middle order Batter
Mohammed Shami,https://encrypted-tbn0.gstatic.com/images?q=tbn:ANd9GcRuswoX7rU7LNClxPdLK6qA8LUAZGMXvmkwJxCNHGIqZ3aJTdXaSN7v21wAtSc&s,Gujarat Titans ,Right hand Bat,Right arm Fast,Bowler
Darshan Nalkande,https://encrypted-tbn0.gstatic.com/images?q=tbn:ANd9GcQuRRwJjrw0kP9LrHPUIZ9K1Z_utym7YkypizRthkrg6DGDRx10pxJKSUwoFw&s,Gujarat Titans ,Right hand Bat,Right arm Fast medium,Bowler
Noor Ahmad,https://encrypted-tbn0.gstatic.com/images?q=tbn:ANd9GcSfTxxmoSc9m6FyHJSczw-_RFE4NgLCE7ktULdhTe2PdbPe3YU-466Y93sUrak&s,Gujarat Titans ,Right hand Bat,Left arm Wrist spin,Bowler
Urvil Patel,https://encrypted-tbn0.gstatic.com/images?q=tbn:ANd9GcTA7TP-RN9FoV1pvUeJYRuLPz31wPZW7zufIegJNKO11UhqlL4rcoEn5Jot4Fc&s,Gujarat Titans ,Right hand Bat,,Wicketkeeper Batter
Rashid Khan,https://encrypted-tbn0.gstatic.com/images?q=tbn:ANd9GcQIaPiIEJGDx2tW_L9GI2X1ZsTEwIo3m3vfUHDSZHg5EX5r_kIM8uvgdCRrQg&s,Gujarat Titans ,Right hand Bat,Legbreak Googly,Bowling Allrounder
Wriddhiman Saha,https://encrypted-tbn0.gstatic.com/images?q=tbn:ANd9GcSqfb7VAvhRg22mDk10q87WdXhr_ENKHu8jEEtbx7wG3SjbzYxX9DzRQ6c34A&s,Gujarat Titans ,Right hand Bat,,Wicketkeeper Batter
Ravisrinivasan Sai Kishore,https://encrypted-tbn0.gstatic.com/images?q=tbn:ANd9GcRQDSldFVVcn7i6dClqt4mOkNO7pcTzq1ohyH9RfZ-BnXtLcJFeZneqHjTxcw&s,Gujarat Titans ,Left hand Bat,Slow Left arm Orthodox,Bowler
Sai Sudharsan,https://encrypted-tbn0.gstatic.com/images?q=tbn:ANd9GcQMXaAflWWiJvTxZUW2THs6TGyUgN8BS7CKC3Aq0Az9eo1yStr2l29aywlqyA&s,Gujarat Titans ,Left hand Bat,Legbreak,Top order Batter
Pradeep Sangwan,https://encrypted-tbn0.gstatic.com/images?q=tbn:ANd9GcSFoNuDLHplHUeowOtpq3m_exbvlDMjx6jXoCs7KZJE3TVEMq65CsUvqMuvQ6E&s,Gujarat Titans ,Right hand Bat,Left arm Medium,Bowler
Dasun Shanaka,https://encrypted-tbn0.gstatic.com/images?q=tbn:ANd9GcRym3o0RYjCbO3GJbs4WrFnUy3ez8H90ibBIxapDBp4xKPMKyAh9xXp_cjQxr8&s,Gujarat Titans ,Right hand Bat,Right arm Medium,Allrounder
Vijay Shankar,https://encrypted-tbn0.gstatic.com/images?q=tbn:ANd9GcQCZNagTqRJgkMC-hUhxitqPEx_aI_AfZveconuNM5hRWOH_O0L2KHsXTGVWA&s,Gujarat Titans ,Right hand Bat,Right arm Medium,Allrounder
Mohit Sharma,https://encrypted-tbn0.gstatic.com/images?q=tbn:ANd9GcS-31QdsbgwnVdGOK92_NWAGSsa05T7_rk3ab1HcT2MVydxrgOLRLEWAAHYkg&s,Gujarat Titans ,Right hand Bat,Right arm Medium,Bowler
Shivam Mavi,https://encrypted-tbn0.gstatic.com/images?q=tbn:ANd9GcQZ0V1nhnYZdS5VZ1UuR2PDNkVXQfjmJ8f9fg97J2LAsPiyoTdH1bxN7MtbYII&s,Gujarat Titans ,Right hand Bat,Right arm Fast medium,Bowler
Shubman Gill,https://encrypted-tbn0.gstatic.com/images?q=tbn:ANd9GcSp-vxOYIOilPwfTypVUkAB7v6ADALj646Z4QRkdJy_rE1eQ6Ocg87rO530SA&s,Gujarat Titans ,Right hand Bat,Right arm Offbreak,Opening Batter
Odean Smith,https://encrypted-tbn0.gstatic.com/images?q=tbn:ANd9GcTszIsRk28m95kDgHaGkrNEqjBGTUra7P254g-sjhSbUDTJHoDEqvMFZpQr6BA&s,Gujarat Titans ,Right hand Bat,Right arm Fast medium,Bowling Allrounder
Rahul Tewatia,https://encrypted-tbn0.gstatic.com/images?q=tbn:ANd9GcQSvwC6bGZAjUJZl5Sean0WPJNG0iQpXm9eZo7f05Uh2Uz1k5qzazPjof5-hA&s,Gujarat Titans ,Left hand Bat,Legbreak,Bowling Allrounder
Matthew Wade,https://encrypted-tbn0.gstatic.com/images?q=tbn:ANd9GcQNrvPJn84ojLtzVMYls0Fa75niK6vORm52RSD4vldfUZGOcqQjINVD2NxEXw&s,Gujarat Titans ,Left hand Bat,Right arm Medium,Wicketkeeper Batter
Jayant Yadav,https://encrypted-tbn0.gstatic.com/images?q=tbn:ANd9GcRaKDRTBeWGZuRPNgKUca59jHyDqCi7l8gTG_v5I3hkKAPDFLN4-8Fu0O4pHnc&s,Gujarat Titans ,Right hand Bat,Right arm Offbreak,Bowler
Yash Dayal,https://encrypted-tbn0.gstatic.com/images?q=tbn:ANd9GcSkhdpC5LWcd8rH4YEzeORAhL3oOKzsARysEOwCUwlRE5XXg903yvX8a1jqqA&s,Gujarat Titans ,Right hand Bat,Left arm Medium fast,Bowler
Kane Williamson,https://encrypted-tbn0.gstatic.com/images?q=tbn:ANd9GcTsYTTrY4lHb0cX0TsGRPga2KfCnjnFNPcG94RPXDkZUD8Zf2Tg4ChXxNnn1HM&s,Gujarat Titans ,Right hand Bat,Right arm Offbreak,Top order Batter
Nitish Rana,https://encrypted-tbn0.gstatic.com/images?q=tbn:ANd9GcQVcV_ZTKHQ40pyn5ITsfSndrC6WsMUC5AYbwShc7lMXS4JavsAedXRKFx7MFE&s,Kolkata Knight Riders ,Left hand Bat,"Right arm Medium, Right arm Offbreak, Legbreak",Middle order Batter
Aarya Desai,https://encrypted-tbn0.gstatic.com/images?q=tbn:ANd9GcQlXOJM1JNQ9TdhfEj-da7-A9dQQ99T5Rrv5AUGmUNW1oOWQfTCfh8z_9fWsA&s,Kolkata Knight Riders ,Left hand Bat,Right arm Offbreak,Opening Batter
Vaibhav Arora,https://encrypted-tbn0.gstatic.com/images?q=tbn:ANd9GcRcUjzk5vDRBi-pdRQHMnsczqJuGhPL1eB8_a2qLyIIgeABevV1KnEqZSDOfpY&s,Kolkata Knight Riders ,Right hand Bat,Right arm Fast medium,Bowler
Johnson Charles,https://encrypted-tbn0.gstatic.com/images?q=tbn:ANd9GcS_xhksF-coAXtDHhGEwMyH6eNobG0ltYkfPxdFLKyfJX0Bwr6TDISWIVW0vg&s,Kolkata Knight Riders ,Right hand Bat,,Wicketkeeper Batter
Lockie Ferguson,https://encrypted-tbn0.gstatic.com/images?q=tbn:ANd9GcQd6Yg8ld8ERt4b45l4Mwuhz7WvER8PnpUHOJBzttQJSG-2k98_FUOJRtUNTPc&s,Kolkata Knight Riders ,Right hand Bat,Right arm Fast,Bowler
Harshit Rana,https://encrypted-tbn0.gstatic.com/images?q=tbn:ANd9GcSt4IsRg0mDVXcaM7fqX866IFvvqJo5tJht20cZ9k3Cd-ERwaf2xUfxvC4lOF4&s,Kolkata Knight Riders ,Right hand Bat,Right arm Fast,Bowler
Venkatesh Iyer,https://encrypted-tbn0.gstatic.com/images?q=tbn:ANd9GcRzhVTet_3raYYnOGoayXtxpVq3USJsFPDS3ZvauCZgMfGZlZDPfb2jFiQaOcc&s,Kolkata Knight Riders ,Left hand Bat,Right arm Medium,Allrounder
Narayan Jagadeesan,https://encrypted-tbn0.gstatic.com/images?q=tbn:ANd9GcSGQJ_gLprtrdfJ_4Zmpd9dAbrB_2sb3yfHw2BNADmsd0NTmDrkvjuzkXmlYcE&s,Kolkata Knight Riders ,Right hand Bat,,Opening Batter
Kulwant Khejroliya,https://encrypted-tbn0.gstatic.com/images?q=tbn:ANd9GcRadLJyebv7kTaPXi6mdp4v8QFJO8qiKvyjRIUSWXz6yqUj6toliEBTYsXHTn0&s,Kolkata Knight Riders ,Left hand Bat,Left arm Medium fast,Bowler
Mandeep Singh,https://encrypted-tbn0.gstatic.com/images?q=tbn:ANd9GcTROu0vYqja2u47mSNiwpBhFx1Q5R3HdGI0ERvAMeF-qXMaGUzlmbAwO2BgiNE&s,Kolkata Knight Riders ,Right hand Bat,Right arm Medium,Allrounder
Sunil Narine,https://encrypted-tbn0.gstatic.com/images?q=tbn:ANd9GcRQPIVJHvRqZA6FRwjPPBcIoMaTxACduGqNKjUJ4JMcUa4U-LS0UuyAgx6fagE&s,Kolkata Knight Riders ,Left hand Bat,Right arm Offbreak,Bowling Allrounder
Rahmanullah Gurbaz,https://encrypted-tbn0.gstatic.com/images?q=tbn:ANd9GcS97Rizq-kbLztFFTO4bCYxX3n9K6dxrS79J_NQ83f4A2YjbKK0nF0tNpbnBWo&s,Kolkata Knight Riders ,Right hand Bat,,Wicketkeeper Batter
Jason Roy,https://encrypted-tbn0.gstatic.com/images?q=tbn:ANd9GcTvbncmq9xaa1uiEJyqFzHJerzxp9Mp3A4N_GJ3N4-orVARHnUPSnrsKj1RHQ&s,Kolkata Knight Riders ,Right hand Bat,,Opening Batter
Anukul Roy,https://encrypted-tbn0.gstatic.com/images?q=tbn:ANd9GcQOyG1nNSNycZP7hbSKlhBFKj-He4e5JvFAD1yccyH0q_tiuK9rCw_Wh_Az&s,Kolkata Knight Riders ,Left hand Bat,Slow Left arm Orthodox,Allrounder
Andre Russell,https://encrypted-tbn0.gstatic.com/images?q=tbn:ANd9GcS8Q_KVEtvx1Scvyax4Ba-ISv42q7GSq_-ZuApZZ-VUBLicl28ZBWw4GoEdF2k&s,Kolkata Knight Riders ,Right hand Bat,Right arm Fast,Allrounder
Rinku Singh,https://encrypted-tbn0.gstatic.com/images?q=tbn:ANd9GcQ2of5B3shCCFP8mQotVyDvWXjw1tX36dY_TJ9U3_taHhCElc8_3tkMD-m8KQ&s,Kolkata Knight Riders ,Left hand Bat,Right arm Offbreak,Middle order Batter
Tim Southee,https://encrypted-tbn0.gstatic.com/images?q=tbn:ANd9GcScp4SIvNVACc13tOnqTY6eixC8hTrFiUUtBkafKWneCRLCQSYO9S1eYd4Gx7Y&s,Kolkata Knight Riders ,Right hand Bat,Right arm Medium fast,Bowler
Suyash Sharma,https://encrypted-tbn0.gstatic.com/images?q=tbn:ANd9GcTFJlvK1d73CzSmhYH1Jel5Et2bebV9GJg48zUHIu2dLigsCAKXVWOhgi71IA&s,Kolkata Knight Riders ,Right hand Bat,Legbreak Googly,Bowler
Shardul Thakur,https://encrypted-tbn0.gstatic.com/images?q=tbn:ANd9GcTmo1riUz-9D7x2c-OIdJ3wqTXPJUBzR71jThwj4DKaZyD-S7dV3B9AIeugWw&s,Kolkata Knight Riders ,Right hand Bat,Right arm Medium,Bowler
Varun Chakravarthy,https://encrypted-tbn0.gstatic.com/images?q=tbn:ANd9GcRd_WrFEkY3YWxZubmC5Yl8UKlkwv0TAI2lOhcDozgvYWeafUyFUUUPlw2ej4M&s,Kolkata Knight Riders ,Right hand Bat,Legbreak Googly,Bowler
David Wiese,https://encrypted-tbn0.gstatic.com/images?q=tbn:ANd9GcSXZS4avU48Mr6H2xjbNt_yUYfjd1GJSTMdVz7ZqRVpRauPZNDMbgogYtrraCI&s,Kolkata Knight Riders ,Right hand Bat,Right arm Medium fast,Allrounder
Umesh Yadav,https://encrypted-tbn0.gstatic.com/images?q=tbn:ANd9GcTpLjzECG6Ix76SXhXzjetXCWpWW7-qZSUIwQjjD4d8RDQqpcZnswQPIrFiuwI&s,Kolkata Knight Riders ,Right hand Bat,Right arm Fast,Bowler
Shreyas Iyer,https://encrypted-tbn0.gstatic.com/images?q=tbn:ANd9GcToBmhcF2Y-l3kxWa72OPGhd1EwE0uTBtx9lQXNZwmY1s7tG0UuKazrxO-dcyo&s,Kolkata Knight Riders ,Right hand Bat,"Right arm Offbreak, Legbreak Googly",Top order Batter
Litton Das,https://encrypted-tbn0.gstatic.com/images?q=tbn:ANd9GcQmI7YPEbm929sys9xybNWzaXVWqjKyAfoBOOE1vAy4gj3HYkgX4Gl-eAUBoLU&s,Kolkata Knight Riders ,Right hand Bat,Right arm Offbreak,Wicketkeeper Batter
Shakib Al Hasan,https://encrypted-tbn0.gstatic.com/images?q=tbn:ANd9GcSG_rW1LyNVCEDQ7_gm6nqRGwbVtWURRyQcLsKyNwQzYBZfPUI8o_Mpx3a5lQ&s,Kolkata Knight Riders ,Left hand Bat,Slow Left arm Orthodox,Allrounder
Krunal Pandya,https://encrypted-tbn0.gstatic.com/images?q=tbn:ANd9GcTsxOk4FW98unXSGJnjwxWL7oEnpvjzvVrkjjfT-EkWz6KnY7yR84W--K_eYg&s,Lucknow Super Giants ,Left hand Bat,Slow Left arm Orthodox,Allrounder
Avesh Khan,https://encrypted-tbn0.gstatic.com/images?q=tbn:ANd9GcSBP-4ukv-iWEx65zT373TeFWrzlwKimTai9KVEWQHSYEtVcZ7WgbzZjaGb3Tc&s,Lucknow Super Giants ,Right hand Bat,Right arm Fast medium,Bowler
Ayush Badoni,https://encrypted-tbn0.gstatic.com/images?q=tbn:ANd9GcQEG_IBGHjKlC3-ha1Qwos6gn9hyP3RdunaD-45Yf10nwqMkMmv9wF-AeT0mQ&s,Lucknow Super Giants ,Right hand Bat,Right arm Offbreak,Batter
Quinton de Kock,https://encrypted-tbn0.gstatic.com/images?q=tbn:ANd9GcTj0YSsnVAy_JaGT85nxUZU2pq8-dCRUVqNAFaLxvuTwMe-bLP7c17nx6yoEA&s,Lucknow Super Giants ,Left hand Bat,,Wicketkeeper Batter
Krishnappa Gowtham,https://encrypted-tbn0.gstatic.com/images?q=tbn:ANd9GcTtzGOeqquXCbyZhSduXW3NFE7yQ5AEE7famadvg1zwFHTVV71I3XPoTcyOZQ&s,Lucknow Super Giants ,Right hand Bat,Right arm Offbreak,Bowling Allrounder
Arpit Guleria,https://encrypted-tbn0.gstatic.com/images?q=tbn:ANd9GcTmQ7Fmfb-5EVuzaNBL0cN0Q4wFUy4lAIy43_gj44lqlNuLWnkf3YrIlWYTKQ&s,Lucknow Super Giants ,Right hand Bat,Right arm Medium,Bowler
Deepak Hooda,https://encrypted-tbn0.gstatic.com/images?q=tbn:ANd9GcQRanRJPFfdm7-9nS9akCvygoTVB6yA6u3HIfaxujmRZOWHjznmQas9GM_14w&s,Lucknow Super Giants ,Right hand Bat,Right arm Offbreak,Allrounder
Prerak Mankad,https://encrypted-tbn0.gstatic.com/images?q=tbn:ANd9GcQ1H46meDo0gBoCWoKl_Zgva6Z4jx5xWOvSJgwxbq75JzaqG_sTQyRfY2640w&s,Lucknow Super Giants ,Right hand Bat,Right arm Medium,Allrounder
Kyle Mayers,https://encrypted-tbn0.gstatic.com/images?q=tbn:ANd9GcRq4x468IOKJaqbzrL7LgdmtQ10ogw-X8UWMQax19sgdhjPAhMP8ML3tkXKh1s&s,Lucknow Super Giants ,Left hand Bat,Right arm Medium,Batting Allrounder
Amit Mishra,https://encrypted-tbn0.gstatic.com/images?q=tbn:ANd9GcQ3DJMrQVQBXBY7HepRtQbaeokj50I85Q7EJx5h3bObpnhadgw9D5B3vQ8DXg&s,Lucknow Super Giants ,Right hand Bat,Legbreak,Bowler
Mohsin Khan,https://encrypted-tbn0.gstatic.com/images?q=tbn:ANd9GcSoPx3ZmKxiL9Y97dLpAPyndo3E6dyerq1kb4jJ6dH61BL4toRdOXzuv3MAIw&s,Lucknow Super Giants ,Left hand Bat,Left arm Medium fast,Bowler
Naveen-ul-Haq,https://encrypted-tbn0.gstatic.com/images?q=tbn:ANd9GcQHf-TF5PXaFmcztPNPddZvXYb0VAAwzIqIGOLEhyw70VOmtJu4Q8AxEM-jXFc&s,Lucknow Super Giants ,Right hand Bat,Right arm Medium fast,Bowler
Nicholas Pooran,https://encrypted-tbn0.gstatic.com/images?q=tbn:ANd9GcQL7AyuJNY6ZxthXFJJuWUYWg67i5xBrDnc1L-nSfw5o57hiEu_K3BkfeJQars&s,Lucknow Super Giants ,Left hand Bat,Right arm Offbreak,Wicketkeeper Batter
Ravi Bishnoi,https://encrypted-tbn0.gstatic.com/images?q=tbn:ANd9GcTip2b10dlnVFZ5sSOYzdTO452--AHeqWMxNKFUEksFPw_1WUcLAJc160Ha0kM&s,Lucknow Super Giants ,Right hand Bat,Legbreak Googly,Bowler
Daniel Sams,https://encrypted-tbn0.gstatic.com/images?q=tbn:ANd9GcQxIsBS0LEhtxM60No_hMeNoBxnXUAuLIZ_atOiOg55wA5yQNBQdwIyVYUZAi4&s,Lucknow Super Giants ,Right hand Bat,Left arm Fast medium,Allrounder
Karan Sharma,https://encrypted-tbn0.gstatic.com/images?q=tbn:ANd9GcTjC8BYZtf-9a2F_uLBfYiNa2SAn6cO5xB9zDX3TmK5PyChopsC4bek89n0UPQ&s,Lucknow Super Giants ,Right hand Bat,Right arm Offbreak,Allrounder
Romario Shepherd,https://encrypted-tbn0.gstatic.com/images?q=tbn:ANd9GcRrzJbPQ3VK4oYltB5jMEgHFF4h5SyRUTWFWBLHW4gX8HbFMtY85x7nPd1dDQ&s,Lucknow Super Giants ,Right hand Bat,Right arm Fast medium,Bowling Allrounder
Marcus Stoinis,https://encrypted-tbn0.gstatic.com/images?q=tbn:ANd9GcQDnpeN0nWGDxNFiVd_Ap6W6zSGtIHDiKe0Kuv_gmC2cQsnl1Ehrkb7EERmUg&s,Lucknow Super Giants ,Right hand Bat,Right arm Medium,Batting Allrounder
Swapnil Singh,https://encrypted-tbn0.gstatic.com/images?q=tbn:ANd9GcQkJEFOs4ClDlCAdkTwFLiHbycFpdTfgtDWj0E9kMZv939RESE3m__3Ps72Trc&s,Lucknow Super Giants ,Right hand Bat,Slow Left arm Orthodox,Bowler
Jaydev Unadkat,https://encrypted-tbn0.gstatic.com/images?q=tbn:ANd9GcSnbkh9fqZryAvr9QNGT4UuwMOmSNKbmjuvoPA2y4x6mVJ27LC1c3oi4n_24fQ&s,Lucknow Super Giants ,Right hand Bat,Left arm Medium,Bowler
Manan Vohra,https://encrypted-tbn0.gstatic.com/images?q=tbn:ANd9GcTT7y1wtpvohYpRrDqfDQUX4VOBWg3ehOzgrfS2iPKXWyOxiriF9RHH_p_N5n8&s,Lucknow Super Giants ,Right hand Bat,Right arm Medium,Opening Batter
Mark Wood,https://encrypted-tbn0.gstatic.com/images?q=tbn:ANd9GcR_ZpsPZRxW2Yum1Y2gmZoJGQOoKXnAxKF5Q_mh1k7t2P8IrqJiOD8EAQ4I8ok&s,Lucknow Super Giants ,Right hand Bat,Right arm Fast,Bowler
Yash Thakur,https://encrypted-tbn0.gstatic.com/images?q=tbn:ANd9GcSMKRvJR25CaQgRL77YqMv_i4fCrzBJ6vnq1GBu5nubM_DyPv3v32rv22xKsw&s,Lucknow Super Giants ,Right hand Bat,Right arm Fast medium,Bowler
Yudhvir Singh,https://encrypted-tbn0.gstatic.com/images?q=tbn:ANd9GcRTFa_HRAYJza1AKwOsC4gb8JnLvmPmaIZ_CbgukdJAyEJD0Q3cKYcIUkscRA&s,Lucknow Super Giants ,Right hand Bat,Right arm Medium fast,Bowler
KL Rahul,https://encrypted-tbn0.gstatic.com/images?q=tbn:ANd9GcQa7FSsI_yTNm34WqsH69NxvOUdx0FHpfZUnPirb2tkSYmnW11LV0fQSu_w6A&s,Lucknow Super Giants ,Right hand Bat,ithdrawn on 5th May,Wicketkeeper Batter
Mayank Yadav,https://encrypted-tbn0.gstatic.com/images?q=tbn:ANd9GcTvh9-hl0HrGwmt1-S7svCtDby_6Kg5gcJGp6Dz0CWnN_VOnkGfMeuEX-Yv-A&s,Lucknow Super Giants ,Right hand Bat,Right arm Medium fast,Bowler
Rohit Sharma,https://encrypted-tbn0.gstatic.com/images?q=tbn:ANd9GcSkXsxO3aLUWE6ucxmm1_qlaALsRXQWpJjNT7o9w2z_m6r0F7FrK0pYP-WvC_M&s,Mumbai Indians ,Right hand Bat,Right arm Offbreak,Top order Batter
Arshad Khan,https://encrypted-tbn0.gstatic.com/images?q=tbn:ANd9GcQQ51FUW3gar3w3K6FZGfPFErYrTHmB-cb4k4b3jrppMqw1NAqki-LMhmByjw&s,Mumbai Indians ,Left hand Bat,Left arm Medium,Bowler
Jason Behrendorff,https://encrypted-tbn0.gstatic.com/images?q=tbn:ANd9GcS2Amsjgk0nYYF_pJYs4TL1wtg_SuX-FB8WTofA8uhoisw1wNUwYeckZi6dSg&s,Mumbai Indians ,Right hand Bat,Left arm Fast medium,Bowler
Dewald Brevis,https://encrypted-tbn0.gstatic.com/images?q=tbn:ANd9GcTQaZ16oY1s-zKJjbB1bfoG3z3i4Q79Ik4NURc0IzHPSmFVLQXBqDiwLcNBTg&s,Mumbai Indians ,Right hand Bat,Legbreak,Batting Allrounder
Piyush Chawla,https://encrypted-tbn0.gstatic.com/images?q=tbn:ANd9GcQQRThWSu5DX6w_aSyEUvPiXRWXNmtZZg2gg1Czq6i9TuFe436GoNx6bz4lmQ&s,Mumbai Indians ,Left hand Bat,Legbreak,Bowling Allrounder
Tim David,https://encrypted-tbn0.gstatic.com/images?q=tbn:ANd9GcSA4EYQ9Bqe9SXe1CRY-nHnl7vmVEy6FRkexSQeJTZrBFS-jNagCZsTGc6RF5g&s,Mumbai Indians ,Right hand Bat,Right arm Offbreak,Middle order Batter
Raghav Goyal,https://encrypted-tbn0.gstatic.com/images?q=tbn:ANd9GcSRGFn_qk-be5txFP5EOMowB7zUhuyaMUG_JrX3liqZMffRSjmcDK-02hpHKtU&s,Mumbai Indians ,Left hand Bat,Left arm Wrist spin,Bowler
Cameron Green,https://encrypted-tbn0.gstatic.com/images?q=tbn:ANd9GcTsb9m-H4SSX-jTsW-8ju2qI29A6Scsi6Htx5-FBy443JAF-YVXiS5Dnxu7cw&s,Mumbai Indians ,Right hand Bat,Right arm Fast medium,Batting Allrounder
Ishan Kishan,https://encrypted-tbn0.gstatic.com/images?q=tbn:ANd9GcTYbcoJuHuXQWROCK4M4rAOP75YIFYJ-poYUwrbNYqu3bN4OTSTCDAOMVePG7g&s,Mumbai Indians ,Left hand Bat,,Wicketkeeper Batter
Duan Jansen,https://encrypted-tbn0.gstatic.com/images?q=tbn:ANd9GcT9xCrAdtHdRs1084WDVsHdvvjQtscqXaDzQTS1tHygyZCDdllxp8YvfdaN3EY&s,Mumbai Indians ,Right hand Bat,Left arm Fast,Bowler
Chris Jordan,https://encrypted-tbn0.gstatic.com/images?q=tbn:ANd9GcTLK2qdGN2JxPErKqJ_S1QG5MA2ZqKY6GQIoNWML-_drc7KWFi76N8jZvad2A&s,Mumbai Indians ,Right hand Bat,Right arm Fast medium,Bowler
Kumar Kartikeya,https://encrypted-tbn0.gstatic.com/images?q=tbn:ANd9GcQGS1DHXVkj27V8A2aNqqJR4xaD2mBY4lictdckdknwfxcqGhJLkSBXC6yk0rE&s,Mumbai Indians ,Right hand Bat,"Slow Left arm Orthodox, Left arm Wrist spin",Bowler
Akash Madhwal,https://encrypted-tbn0.gstatic.com/images?q=tbn:ANd9GcTEkr6F2wilc6qRCG3NvTBDXhpZT0WvRvRr7DiQWeUbdVVZuUC_0E2IN-LeXQ&s,Mumbai Indians ,Right hand Bat,Right arm Medium fast,Bowler
Riley Meredith,https://encrypted-tbn0.gstatic.com/images?q=tbn:ANd9GcQnGXG4wIXZqSsJITpoFMkwvxSvlwkRsg2RhBRaGNcVNHeVG37uPeGYbdotuw&s,Mumbai Indians ,Right hand Bat,Right arm Fast,Bowler
Shams Mulani,https://encrypted-tbn0.gstatic.com/images?q=tbn:ANd9GcTjx7vZg6hGLLimUR2Uh8n3VkBTT6Swr_26rwF6Y71axADRmJSfzRk0QHbMdg&s,Mumbai Indians ,Left hand Bat,Slow Left arm Orthodox,Allrounder
Ramandeep Singh,https://encrypted-tbn0.gstatic.com/images?q=tbn:ANd9GcQK-aJ65rMxkpYje8S9EoNYeixr18B2mIJMbNYTjLNoStkhBEt1IQQCg24uaQ&s,Mumbai Indians ,Right hand Bat,Right arm Medium,Middle order Batter
Sandeep Warrier,https://encrypted-tbn0.gstatic.com/images?q=tbn:ANd9GcT4R-BROJ-yqm4SBGdeTInxzwYiHRC5T9BUM5VFOfsMHucfdSWSiwT5xZtFif0&s,Mumbai Indians ,Right hand Bat,Right arm Medium,Bowler
Hrithik Shokeen,https://encrypted-tbn0.gstatic.com/images?q=tbn:ANd9GcTJnjUbTvLa0XvGPPJk9XS8MvZj5B4dshgYhaGOg4ni2RqZ3KOBWqIW9riH5g&s,Mumbai Indians ,Right hand Bat,Right arm Offbreak,Bowler
Tristan Stubbs,https://encrypted-tbn0.gstatic.com/images?q=tbn:ANd9GcTNkIwud57JjoHjBZ8hx9rFUDRmTs99c593ZrFm8EyZt3jkCzZM4MRnpT0rhls&s,Mumbai Indians ,Right hand Bat,Right arm Offbreak,Wicketkeeper Batter
Arjun Tendulkar,https://encrypted-tbn0.gstatic.com/images?q=tbn:ANd9GcSzxhp8Aa6ofE0VJ0yBcU4SLN5BlRSRw17VHuLUUtQq0UyG1Aw8DNEILjJ2qQ&s,Mumbai Indians ,Left hand Bat,Left arm Medium fast,Bowler
Tilak Varma,https://encrypted-tbn0.gstatic.com/images?q=tbn:ANd9GcQgtCJrXdN_LYSOc699kfGTnIpj7MzGduxZH0GKb65F0g2P580tAksVozeu7O8&s,Mumbai Indians ,Left hand Bat,Right arm Offbreak,Batting Allrounder
Vishnu Vinod,https://encrypted-tbn0.gstatic.com/images?q=tbn:ANd9GcTtT8kFcQ5lW9OLIbshegnTZi4_6zfVxonLzDbVx7xyAr_lcxxrAnH_1FTIb-Y&s,Mumbai Indians ,Right hand Bat,,Wicketkeeper Batter
Nehal Wadhera,https://encrypted-tbn0.gstatic.com/images?q=tbn:ANd9GcTqnBVMxGvwKLUeKhH_-vpRgDKT683pOQnlXi0yvMj_OL0_AB8ye5lThPWOpGw&s,Mumbai Indians ,Left hand Bat,Legbreak,Top order Batter
Suryakumar Yadav,https://encrypted-tbn0.gstatic.com/images?q=tbn:ANd9GcSQjygeyPNtGSx_DOEay7Iuo_i3KA0tJHTuy-iFcijsgB8b8jD7EU296Xa3Lw&s,Mumbai Indians ,Right hand Bat,"Right arm Medium, Right arm Offbreak",Batter
Jofra Archer,https://encrypted-tbn0.gstatic.com/images?q=tbn:ANd9GcScZt8D5WcJ0XrSwTtuDRhcyJ6quDRJ4bh4CXh2yFsGJIKoi_0tBkAiGH7aeGw&s,Mumbai Indians ,Right hand Bat,Right arm Fast,Bowler
Jasprit Bumrah,https://encrypted-tbn0.gstatic.com/images?q=tbn:ANd9GcRj8nGqO7c_udLEUJC2BWJWYmIAcMGTDkq0I8NaIpaDa1m3E3q59_MR025S9ts&s,Mumbai Indians ,Right hand Bat,Right arm Fast,Bowler
Jhye Richardson,https://encrypted-tbn0.gstatic.com/images?q=tbn:ANd9GcQcrq_Mgurq3RwIn9R-9oD1xY4brZvRQesPtjhdZktU-lgPlDoiephh_cfXOms&s,Mumbai Indians ,Right hand Bat,Right arm Fast,Bowler
Shikhar Dhawan,https://encrypted-tbn0.gstatic.com/images?q=tbn:ANd9GcQb-6YPFAHBF_YrXg6b8sa5Z9fJrjM2ErbMJiUmgoW5tNr0vuU1MsNLO6v5Kt0&s,Punjab Kings ,Left hand Bat,Right arm Offbreak,Opening Batter
Arshdeep Singh,https://encrypted-tbn0.gstatic.com/images?q=tbn:ANd9GcRos8KEtoCdCMDz5ypeqv-28MHeG8jSJzv3hGZjOMOAdo8LQlwAOJbRUw8HqCs&s,Punjab Kings ,Left hand Bat,Left arm Medium fast,Bowler
Baltej Singh,https://encrypted-tbn0.gstatic.com/images?q=tbn:ANd9GcQvmfridWj2nfG7RCreW9NjjNStMVkFiATT5Nmkc0fvYL5q_djBzvEaYqnagA&s,Punjab Kings ,Right hand Bat,Right arm Medium,Bowler
Rahul Chahar,https://encrypted-tbn0.gstatic.com/images?q=tbn:ANd9GcTOuwbb1SW3AvFMqoqEzVVIUVIGBrnSS2tTr2sSRQbSvnDhaxsJn88ZYnZrDg&s,Punjab Kings ,Right hand Bat,Legbreak Googly,Bowler
Sam Curran,https://encrypted-tbn0.gstatic.com/images?q=tbn:ANd9GcRwr8ennlNSg4ELW1Qisdm8fJ6_ZDZezYzhOw1QBoEYgVACD9xYP24fku0LWeU&s,Punjab Kings ,Left hand Bat,Left arm Medium fast,Allrounder
Rishi Dhawan,https://encrypted-tbn0.gstatic.com/images?q=tbn:ANd9GcQ6Pqbr5RG3oD7jpq5BNB0TpVFVblE_pkLQIG_3Raji886Tchi_F8iHg-dRAQ&s,Punjab Kings ,Right hand Bat,Right arm Medium fast,Allrounder
Nathan Ellis,https://encrypted-tbn0.gstatic.com/images?q=tbn:ANd9GcQq467FWsyWBakfUCwdtG3Iqxq_QTAJn7xCNUQgOrHCZWW-d6yCxiAWZfk-mg&s,Punjab Kings ,Right hand Bat,Right arm Fast medium,Bowler
Gurnoor Brar,https://encrypted-tbn0.gstatic.com/images?q=tbn:ANd9GcRRf2sI97VONEmEyedjCE2UBrOoZUL3iVo9IfxGIpUJDU0Ap_eqDhKQ9kgR-Q&s,Punjab Kings ,Left hand Bat,Right arm Fast,Bowler
Harpreet Brar,https://encrypted-tbn0.gstatic.com/images?q=tbn:ANd9GcR52aNs8wgY-LAtFb53CsjAugSUmn-6qS4YUV3IndpEcC1p5n6sfOsb0eispA&s,Punjab Kings ,Left hand Bat,Slow Left arm Orthodox,Bowler
Harpreet Singh,https://encrypted-tbn0.gstatic.com/images?q=tbn:ANd9GcT3M6i2uuSBTZEcy5RDJiz1zJ4bL6Yh5wvIwkt8dwkaS7gxnR3xDLuvT8PlbQ&s,Punjab Kings ,Left hand Bat,Right arm Medium,Batter
Vidwath Kaverappa,https://encrypted-tbn0.gstatic.com/images?q=tbn:ANd9GcQ2SXk6OX12vNRAMPDCRubOWtfNYOEAT42J6cq7CjK49SjPgWS3nKPR9yn1aA&s,Punjab Kings ,Right hand Bat,Right arm Fast medium,Bowler
Liam Livingstone,https://encrypted-tbn0.gstatic.com/images?q=tbn:ANd9GcQKD8EKRiG9q8AUYnt3Tu8ac70p-pTRubOPgqC55GzncTY8lztTARbx53Otit8&s,Punjab Kings ,Right hand Bat,"Right arm Offbreak, Legbreak",Batting Allrounder
Mohit Rathee,https://encrypted-tbn0.gstatic.com/images?q=tbn:ANd9GcTli5TEhDw3UK3EksC_X7vYVwt9sqFl1w05_jOYl19z0MWCqGD7fI9_Stz6Sg&s,Punjab Kings ,Right hand Bat,Legbreak,Allrounder
Prabhsimran Singh,https://encrypted-tbn0.gstatic.com/images?q=tbn:ANd9GcSXgvj2EAfG3ghupx5cG70Dvb0s8bAHxPKEOcs2u1V6pqXTjf_UGlLLokl2MVw&s,Punjab Kings ,Right hand Bat,,Wicketkeeper Batter
Kagiso Rabada,https://encrypted-tbn0.gstatic.com/images?q=tbn:ANd9GcTLZxEt_XnGk0yaSUhOJVTHYnk1woRkxTKxHg1ZgQ1EH7mzqqm4Zmo0EHXWeQ&s,Punjab Kings ,Left hand Bat,Right arm Fast,Bowler
Bhanuka Rajapaksa,https://encrypted-tbn0.gstatic.com/images?q=tbn:ANd9GcSVD0rmilmvrCvLNmw5cPF4auxu8P-ltXkNI2JiFb5JF-JGVsLslrf-WcpD42I&s,Punjab Kings ,Left hand Bat,Right arm Medium,Top order Batter
M Shahrukh Khan,https://encrypted-tbn0.gstatic.com/images?q=tbn:ANd9GcT-kP3pEKT3KuqoK83_VUTD0djYvdeu2CfZZHehnTg4mbdWmW8J1ZlYVwCC7Vk&s,Punjab Kings ,Right hand Bat,Right arm Offbreak,Batter
Jitesh Sharma,https://encrypted-tbn0.gstatic.com/images?q=tbn:ANd9GcTF3eCx-Op_RnY3zRNIyjYKzZaP4ZrooJecUAfQ_o78szN9Ng5JNbLzP6pz9A&s,Punjab Kings ,Right hand Bat,,Wicketkeeper Batter
Shivam Singh,https://encrypted-tbn0.gstatic.com/images?q=tbn:ANd9GcRDWnm9k9o7WrkB55lmWPQGXIV4YB1w9VR7hdKH__R-4Bx4WqVxbdjVMa_GXkQ&s,Punjab Kings ,Right hand Bat,Right arm Offbreak,Middle order Batter
Matthew Short,https://encrypted-tbn0.gstatic.com/images?q=tbn:ANd9GcSJ__Phrfcbbxp20AFSrb_VpzF_3LQvWh3WPA-nIi47phjrL58N5qtdvdINFg&s,Punjab Kings ,Right hand Bat,Right arm Offbreak,Top order Batter
Sikandar Raza,https://encrypted-tbn0.gstatic.com/images?q=tbn:ANd9GcQFGuracsxiF9WtjPat7WowNVocd9SCvINYMx8K9TvZpgBY120MNU__ZWffPQ&s,Punjab Kings ,Right hand Bat,Right arm Offbreak,Batting Allrounder
Atharva Taide,https://encrypted-tbn0.gstatic.com/images?q=tbn:ANd9GcQd04NWPe9k2csOC0Ei0dL2kNXZLJzuETmRQxQH0uIhnsg-fHWpr6rjJT8aieA&s,Punjab Kings ,Left hand Bat,Slow Left arm Orthodox,Batting Allrounder
Jonny Bairstow,https://encrypted-tbn0.gstatic.com/images?q=tbn:ANd9GcTNL8s2QoMrGV65Pfpolzhv8oyRXAfdzwZ1T40otbwuaj9ChHwzsbAmCCtX08U&s,Punjab Kings ,Right hand Bat,Right arm Medium,Wicketkeeper Batter
RajÂ Bawa,https://encrypted-tbn0.gstatic.com/images?q=tbn:ANd9GcTSlmbj1a5mQAcfK8tmrWIjtHpaeb9KDRsNo3XcHHjbW8XHFcPwC5FLJSXjMg&s,Punjab Kings ,Left hand Bat,Right arm Medium fast,Allrounder
Sanju Samson,https://encrypted-tbn0.gstatic.com/images?q=tbn:ANd9GcTLwrc0ijYEekb7zMghWdR1DeR9zrE-QGH8YLI95W6lTe2k0Vb4sA2m3UQMow&s,Rajasthan Royals ,Right hand Bat,,Wicketkeeper Batter
Abdul Basith,https://encrypted-tbn0.gstatic.com/images?q=tbn:ANd9GcTCip34mufcDCbYahNV3cTMZwvLmkvTlioJi3_Suk3nKR06RsDXxd4qFXZLlqc&s,Rajasthan Royals ,Right hand Bat,Right arm Offbreak,Allrounder
Murugan Ashwin,https://encrypted-tbn0.gstatic.com/images?q=tbn:ANd9GcSkfvSvwtgn19Y5p8p0ph-vZ6B2wrFYryBQg8ODPjS9G5ul9dYdKD03INxIwQ&s,Rajasthan Royals ,Right hand Bat,Legbreak Googly,Bowler
Ravichandran Ashwin,https://encrypted-tbn0.gstatic.com/images?q=tbn:ANd9GcTjXnWPqMNGozG-TM6-H5s99RqieGx3D8FVIzao8P_AQI5de09KGpcBEY_eLQ&s,Rajasthan Royals ,Right hand Bat,Right arm Offbreak,Bowling Allrounder
KM Asif,https://encrypted-tbn0.gstatic.com/images?q=tbn:ANd9GcTP-1g-YFjFXlfpEzafvOMRVrPtMMdpap2TOyUjKScIN0DZoH9tTxyDWHmynEU&s,Rajasthan Royals ,Right hand Bat,Right arm Medium,Bowler
Trent Boult,https://encrypted-tbn0.gstatic.com/images?q=tbn:ANd9GcT8Mi2WQvnPP7XMjWC7HYh5ygOb6ULn0LaotYHOV2wSnpz4dXxR5AADysdJafA&s,Rajasthan Royals ,Right hand Bat,Left arm Fast medium,Bowler
Jos Buttler,https://encrypted-tbn0.gstatic.com/images?q=tbn:ANd9GcQ98c7CGs1CnLtgKathV0WfHFtecqsDf2w61Wj0V4jfbHuDIJgr3R-kQ_aiSQ&s,Rajasthan Royals ,Right hand Bat,,Wicketkeeper Batter
KC Cariappa,https://encrypted-tbn0.gstatic.com/images?q=tbn:ANd9GcSY3BFbx9KW-JfL1b4bxoOiGosiGc4z9dKoQusQhojWGnmyFkfIc7HhPt3s-xI&s,Rajasthan Royals ,Right hand Bat,Legbreak,Bowler
Yuzvendra Chahal,https://encrypted-tbn0.gstatic.com/images?q=tbn:ANd9GcRMGuhm431H-sPBW0s2xiEiaELpuFLSeQ-FeiUGpwKIsbK0J0coTNaTWpYJ52Y&s,Rajasthan Royals ,Right hand Bat,Legbreak Googly,Bowler
Donovan Ferreira,https://encrypted-tbn0.gstatic.com/images?q=tbn:ANd9GcRNTI2AaJg2jCuiXfAbip7cwij2vERlMFl2NjTJgS701paDV1XgXkbExl6D3g&s,Rajasthan Royals ,Right hand Bat,,Allrounder
Shimron Hetmyer,https://encrypted-tbn0.gstatic.com/images?q=tbn:ANd9GcQjcKG7W9METl0Mt4tjo8gebCBZwTzzMqOOpKQTFKKwQJLaQF6cgvURTUHBWQ&s,Rajasthan Royals ,Left hand Bat,,Top order Batter
Jason Holder,https://encrypted-tbn0.gstatic.com/images?q=tbn:ANd9GcSwustPXzmkpw_jk7y1ATc22aq7uNudIl4qunQX5t_J39s7TQNdeedRUjbXwA&s,Rajasthan Royals ,Right hand Bat,Right arm Medium fast,Bowling Allrounder
Yashasvi Jaiswal,https://encrypted-tbn0.gstatic.com/images?q=tbn:ANd9GcQ0HzhXbicFKYEIEOk6DwqGWk7QXma1ZH202NZqxvyWGzbI6qRspkYbspX4Xw&s,Rajasthan Royals ,Left hand Bat,Legbreak,Opening Batter
Dhruv Jurel,https://encrypted-tbn0.gstatic.com/images?q=tbn:ANd9GcQGQp924LDJkuzYLmQpzyE0YeSj30oRnRqitHnspsMMXktpFsGxY4Se1BSo4_k&s,Rajasthan Royals ,Right hand Bat,,Wicketkeeper Batter
Obed McCoy,https://encrypted-tbn0.gstatic.com/images?q=tbn:ANd9GcRLCc4G982ELebbYOxCyudPQtkSPBrRUYhgdj5bTdP8ew056kx-oKSVVZGKbw&s,Rajasthan Royals ,Left hand Bat,Left arm Fast medium,Bowler
Devdutt Padikkal,https://encrypted-tbn0.gstatic.com/images?q=tbn:ANd9GcQ82jKSC0Pj5eZK7utvPBiNQhtfkThJnluOtTMbcFnKDnspXv-0KBSxC555SA&s,Rajasthan Royals ,Left hand Bat,Right arm Offbreak,Top order Batter
Riyan Parag,https://encrypted-tbn0.gstatic.com/images?q=tbn:ANd9GcSRk7m_DWC_uv_hTdCTMAJuI4PXq4YP9ME5rL3LRg0749_4oED8KcOMvRCnbPs&s,Rajasthan Royals ,Right hand Bat,Legbreak,Top order Batter
Kunal Singh Rathore,https://encrypted-tbn0.gstatic.com/images?q=tbn:ANd9GcT8lXS29B1A_gRLmG72trkevqn0O3q9IJle0KWm153vXlEZaNOQgKQvtvc3IPg&s,Rajasthan Royals ,Left hand Bat,,Wicketkeeper Batter
Joe Root,https://encrypted-tbn0.gstatic.com/images?q=tbn:ANd9GcR5c1NflzLSVQs0VchzdAfVvRRtTJVbpAZDW9N8zMoX-tHiPUjejAfNxLyA7Q&s,Rajasthan Royals ,Right hand Bat,"Right arm Offbreak, Legbreak",Top order Batter
Navdeep Saini,https://encrypted-tbn0.gstatic.com/images?q=tbn:ANd9GcScT0WmijLnqJnsxFaOKekQaeAC1XMWQaOC57BdZdmN8P5va5l5QUUSCSiJbQ&s,Rajasthan Royals ,Right hand Bat,Right arm Fast,Bowler
Sandeep Sharma,https://encrypted-tbn0.gstatic.com/images?q=tbn:ANd9GcQrbpp08m2mMJVLVQ3rVmJprAkISfoavOF3y3Sbl-uf0P527VCYeGNndYMo4w&s,Rajasthan Royals ,Right hand Bat,Right arm Medium,Bowler
Kuldeep Sen,https://encrypted-tbn0.gstatic.com/images?q=tbn:ANd9GcSiCDTTrnH830YrPY4kklzwAmOcit62vTc0oty7FffSgJff-xkFiLQEMl_diO4&s,Rajasthan Royals ,Right hand Bat,Right arm Fast,Bowler
Akash Vasisht,https://encrypted-tbn0.gstatic.com/images?q=tbn:ANd9GcQq5nGafXUHulWEDkPEnrPgnb2g0psv68IWRSgK1kZlhDyhs-8l_LBhd9juIOc&s,Rajasthan Royals ,Left hand Bat,Slow Left arm Orthodox,Allrounder
Kuldip Yadav,https://encrypted-tbn0.gstatic.com/images?q=tbn:ANd9GcQLfTWXzRV-ZfPFMFBfrURzNhMN6HEsV9vKDZ8m2y1577h4jKqHO633aLNt7A&s,Rajasthan Royals ,Left hand Bat,Left arm Fast medium,Bowler
Adam Zampa,https://encrypted-tbn0.gstatic.com/images?q=tbn:ANd9GcQOTkse0eb0YLHMUrbfDevOcRLzE2McaXHsnAV-nSyiEAubp1LWQ1DUbK3AGg&s,Rajasthan Royals ,Right hand Bat,Legbreak Googly,Bowler
Prasidh Krishna,https://encrypted-tbn0.gstatic.com/images?q=tbn:ANd9GcTDCIXtPn-twX8w6vNN_N6mJQ8rd0oUhihc96a4nc9bpn3GqYcKhSPOz-kSYA&s,Rajasthan Royals ,Right hand Bat,Right arm Fast medium,Bowler
Faf du Plessis,https://encrypted-tbn0.gstatic.com/images?q=tbn:ANd9GcRmnIMSXVpz0L_8EpS9GjiRmvbu3l4aheDlA6Oqa86yxv0KpYakbNp8asT4wSw&s,Royal Challengers Bangalore ,Right hand Bat,Legbreak,Middle order Batter
Akash Deep,https://encrypted-tbn0.gstatic.com/images?q=tbn:ANd9GcR8Fv8NbXFF7_BCh6O0uLdpD8gRpZ5IEha7FD462QfSb7dO8qKwnPDpnTgJiNU&s,Royal Challengers Bangalore ,Right hand Bat,Right arm Fast medium,Bowling Allrounder
Finn Allen,https://encrypted-tbn0.gstatic.com/images?q=tbn:ANd9GcRtHIZvEp8SHoTmNQ-fKSj-A5ScrDWj49smnhIM4kiBCzTjoHJq86oTZ0L7gw&s,Royal Challengers Bangalore ,Right hand Bat,,Top order Batter
Anuj Rawat,https://encrypted-tbn0.gstatic.com/images?q=tbn:ANd9GcSCWc5e3ICCoqgnKKlm25sNrB52CJCjvqT2xWjrn1uuP_TXgY4ds-UXHG4LzTA&s,Royal Challengers Bangalore ,Left hand Bat,,Wicketkeeper Batter
Avinash Singh,https://encrypted-tbn0.gstatic.com/images?q=tbn:ANd9GcQwKtzLKJh7i7ObERFVf1_84hcIcbhFfiZkypS0FGp4bl_gljqirP6UTAhsICQ&s,Royal Challengers Bangalore ,Right hand Bat,Right arm Fast,Bowler
Manoj Bhandage,https://encrypted-tbn0.gstatic.com/images?q=tbn:ANd9GcRoWtzIcNuO4-m-fZKzfUQo_8dpamN6DfqIcc1XuAwV75pAOsDST06xshc2o6k&s,Royal Challengers Bangalore ,Left hand Bat,Right arm Medium fast,Allrounder
Michael Bracewell,https://encrypted-tbn0.gstatic.com/images?q=tbn:ANd9GcTQMhpykvmJVdRXgXyAsapD5mBSq46f3MpE9WAmnKwiTvOAMgVERMOFU0TIWw&s,Royal Challengers Bangalore ,Left hand Bat,Right arm Offbreak,Batting Allrounder
Wanindu Hasaranga,https://encrypted-tbn0.gstatic.com/images?q=tbn:ANd9GcTgaZjCenIiukghcf6RqfxHSsCW9f6STDvPQEkVZrYvAvoolrCXgsG0hODhWdQ&s,Royal Challengers Bangalore ,Right hand Bat,Legbreak,Allrounder
Josh Hazlewood,https://encrypted-tbn0.gstatic.com/images?q=tbn:ANd9GcRgosMoBFYmy_FOhb_M5z69TUcTxuTbrR-tZP2RukASv_stdAfMiZHvJO6jRrc&s,Royal Challengers Bangalore ,Left hand Bat,Right arm Fast medium,Bowler
Kedar Jadhav,https://encrypted-tbn0.gstatic.com/images?q=tbn:ANd9GcSiqsdZkgbZ_Q14R-VJiKl647S08wzUnj7FA9R3Zxv6tt9nptMWAO8u5PL1LF4&s,Royal Challengers Bangalore ,Right hand Bat,Right arm Offbreak,Batting Allrounder
Dinesh Karthik,https://encrypted-tbn0.gstatic.com/images?q=tbn:ANd9GcR-BExjJYvfuE01pMURmRyXTQohEWA8z3DEKqEVKlgxkkR4DQsH9_4SWazoilQ&s,Royal Challengers Bangalore ,Right hand Bat,Right arm Offbreak,Wicketkeeper Batter
Siddarth Kaul,https://encrypted-tbn0.gstatic.com/images?q=tbn:ANd9GcQDILB3c7s6BpXBVhwfwiRL02S7Kqvg_wonDFQrLADtI-iu1e3SmZ6JyWT2bDs&s,Royal Challengers Bangalore ,Right hand Bat,Right arm Medium,Bowler
Virat Kohli,https://encrypted-tbn0.gstatic.com/images?q=tbn:ANd9GcQfcn915LvgWWXAYAMFecZZTr4ZQLuqT0X9-SBLH-oeDvK7NpTRf22hKAb1Sw&s,Royal Challengers Bangalore ,Right hand Bat,Right arm Medium,Top order Batter
Mahipal Lomror,https://encrypted-tbn0.gstatic.com/images?q=tbn:ANd9GcRGb1YoVuvG_XVBXLaTdIZE8dD_BVQYAFS_u5h1kiSw_Nan-BRkB21O6hpKdQ&s,Royal Challengers Bangalore ,Left hand Bat,Slow Left arm Orthodox,Allrounder
Glenn Maxwell,https://encrypted-tbn0.gstatic.com/images?q=tbn:ANd9GcS4mxtaE60w6ClzquCX05NfiBVtN5O786TWXzxi_tTRrbApNQHK4-SKn-0J24M&s,Royal Challengers Bangalore ,Right hand Bat,Right arm Offbreak,Batting Allrounder
Mohammed Siraj,https://encrypted-tbn0.gstatic.com/images?q=tbn:ANd9GcSARsAcRS7A5QFD6FhuAPHV5WM0VoX451yiFQPDjIJhhGwiJ14hdyzEl-VUNw&s,Royal Challengers Bangalore ,Right hand Bat,Right arm Fast,Bowler
Wayne Parnell,https://encrypted-tbn0.gstatic.com/images?q=tbn:ANd9GcTpM-JQLPy25DTepFaAxPbRhOKU4eDrSzuTtQx4AABoW85mympO0p8cyCriuEM&s,Royal Challengers Bangalore ,Left hand Bat,Left arm Medium fast,Bowler
Harshal Patel,https://encrypted-tbn0.gstatic.com/images?q=tbn:ANd9GcR1w2aOr2w74m8gX_RcW5Pk-x-VnnS5YMB00jbFo6fsFuBzPPkcqZ0sCZT-JA&s,Royal Challengers Bangalore ,Right hand Bat,Right arm Medium,Bowler
Suyash Prabhudessai,https://encrypted-tbn0.gstatic.com/images?q=tbn:ANd9GcRSIVVpQnCG4Fs52BNv0aeRtjTzdNcW7wCOdajGm3xX29gv3kPNVGnCPQXHB68&s,Royal Challengers Bangalore ,Right hand Bat,Right arm Medium,Batting Allrounder
Rajan Kumar,https://encrypted-tbn0.gstatic.com/images?q=tbn:ANd9GcT5ucuGZ6MluPToagyNt23l-wMP3b3_IgX3fo65Bq8Y0zlqpvDUWWh2g0LI_As&s,Royal Challengers Bangalore ,Left hand Bat,Left arm Medium fast,Bowler
Shahbaz Ahmed,https://encrypted-tbn0.gstatic.com/images?q=tbn:ANd9GcSctTfU2h5EzCWbaKW0O-zhP5xnCAzMYeAngyLph6Gf88hnVPUikFC0aaf_UBQ&s,Royal Challengers Bangalore ,Left hand Bat,Slow Left arm Orthodox,Allrounder
Himanshu Sharma,https://encrypted-tbn0.gstatic.com/images?q=tbn:ANd9GcSAMDqg8eLUsjMhB1kLtmzGzwDuygO_7PMwgcCAXV2MA_Qrz6RpFtGApwdCTuM&s,Royal Challengers Bangalore ,Right hand Bat,Legbreak,Bowler
Karn Sharma,https://encrypted-tbn0.gstatic.com/images?q=tbn:ANd9GcTjC8BYZtf-9a2F_uLBfYiNa2SAn6cO5xB9zDX3TmK5PyChopsC4bek89n0UPQ&s,Royal Challengers Bangalore ,Left hand Bat,Legbreak Googly,Bowler
Sonu Yadav,https://encrypted-tbn0.gstatic.com/images?q=tbn:ANd9GcRBWq0qcphgu0bNybCBQL9ibAAz8dxQWnOcyhrT9jKxnLSSDkixg4esaf7JMYI&s,Royal Challengers Bangalore ,Right hand Bat,Right arm Medium fast,Allrounder
Vijaykumar Vyshak,https://encrypted-tbn0.gstatic.com/images?q=tbn:ANd9GcQx7MgPAFmjjhiPkJiPut75zISBTLLbbYcc4wK1mLKAaeUFL6INA0_KRW8Xq2k&s,Royal Challengers Bangalore ,Right hand Bat,Right arm Medium,Bowler
Will Jacks,https://encrypted-tbn0.gstatic.com/images?q=tbn:ANd9GcQKZLzCKZ4mrZGjIinHJ660h0p3j-UzsLLwG66xR_jfKtTC2tfuPa_05sZPIg&s,Royal Challengers Bangalore ,Right hand Bat,Right arm Offbreak,Batter
Rajat Patidar,https://encrypted-tbn0.gstatic.com/images?q=tbn:ANd9GcQ0GnQkxoGOycyJGxC7AHjEK0e1caufRhs7TYxuQ2_1FDPr-rgknxSJKtwg2w&s,Royal Challengers Bangalore ,Right hand Bat,Right arm Offbreak,Top order Batter
Reece Topley,https://encrypted-tbn0.gstatic.com/images?q=tbn:ANd9GcRZIsi2rVlRzFy_7R94mq05PTe37asgjxFVxXfPGyrL742ci-xiUrkC_P4Edw&s,Royal Challengers Bangalore ,Right hand Bat,Left arm Fast medium,Bowler
David Willey,https://encrypted-tbn0.gstatic.com/images?q=tbn:ANd9GcSOtDS43ORYsemEHyE5k8ZS5qb5xjSCGdVeWhLWs9ULKZndaNokRiZBDZDP-NM&s,Royal Challengers Bangalore ,Left hand Bat,Left arm Fast medium,Bowling Allrounder
Aiden Markram,https://encrypted-tbn0.gstatic.com/images?q=tbn:ANd9GcRPYqySSD7ePyc6BLnK4LYwuW1WltzHrNSu9uzeYtWVADHCVAad6lVapGcy-Og&s,Sunrisers Hyderabad ,Right hand Bat,Right arm Offbreak,Opening Batter
Abdul Samad,https://encrypted-tbn0.gstatic.com/images?q=tbn:ANd9GcQHdvGrX3AIPuvP7Ru7mAK2uOx48g1Kt_jx5LH1zBPHXwWJOnwLg8aj-erdHvM&s,Sunrisers Hyderabad ,Right hand Bat,Legbreak,Batter
Abhishek Sharma,https://encrypted-tbn0.gstatic.com/images?q=tbn:ANd9GcSYi1y3PAowQoTwGG50udpZRaH4YZ05oZfBUkCt1TZW_asCM7o9vMcsrpM1K8I&s,Sunrisers Hyderabad ,Left hand Bat,Slow Left arm Orthodox,Allrounder
Mayank Agarwal,https://encrypted-tbn0.gstatic.com/images?q=tbn:ANd9GcQ90VRWIWTt91ktNC63lJ35KHeKiIHzblQHX_kBCS5bpDV97ba36f9-0e2Pxg&s,Sunrisers Hyderabad ,Right hand Bat,Right arm Offbreak,Batter
Anmolpreet Singh,https://encrypted-tbn0.gstatic.com/images?q=tbn:ANd9GcTOPmCtSnv6HrbwE6wW7pB8TE7SVniuPcxAYaQ2b_AtLFgYLnc-nQl7gDUo6Q&s,Sunrisers Hyderabad ,Right hand Bat,Right arm Offbreak,Batter
Harry Brook,https://encrypted-tbn0.gstatic.com/images?q=tbn:ANd9GcThvwOMHV3dOA5bsFNgNNMzN3bCzqH_9VnVsU0FAldPvLQMOWNP1l0GiUdfuAU&s,Sunrisers Hyderabad ,Right hand Bat,Right arm Medium,Batter
Mayank Dagar,https://encrypted-tbn0.gstatic.com/images?q=tbn:ANd9GcSy1A-x4YW6JsS4f3-fiGVhNMR1X3QRA2W3RLPoCgz8OBij2G0yz-71-vVGXw&s,Sunrisers Hyderabad ,Right hand Bat,Slow Left arm Orthodox,Bowler
Fazalhaq Farooqi,https://encrypted-tbn0.gstatic.com/images?q=tbn:ANd9GcR44x5bAuIxhyKRLiWlJw9SvkExDq_LuUG9SbI2C9O2K4D7PFXnqfipzUtwRcw&s,Sunrisers Hyderabad ,Right hand Bat,Left arm Fast medium,Bowler
Akeal Hosein,https://encrypted-tbn0.gstatic.com/images?q=tbn:ANd9GcTtKBcl8khRco7IoPtKpla3aWL60JrVQjFD63GyJKjldK2F4d5NiHdZ8dQ5PLw&s,Sunrisers Hyderabad ,Left hand Bat,Slow Left arm Orthodox,Bowler
Marco Jansen,https://encrypted-tbn0.gstatic.com/images?q=tbn:ANd9GcQDAs2k8R2-4SXRdm2xCKforQ-eIDhI8Zt9SivUCvNEuvVpNDRoDd3YSTg0kPE&s,Sunrisers Hyderabad ,Right hand Bat,Left arm Medium fast,Bowling Allrounder
Kartik Tyagi,https://encrypted-tbn0.gstatic.com/images?q=tbn:ANd9GcQ1_Tpb7wPaS6DBaBEfMxQD6RoP07VIWPJnE4cJcmeWO7LPiJGmBZWi_Rpl2mg&s,Sunrisers Hyderabad ,Right hand Bat,Right arm Fast,Bowler
Heinrich Klaasen,https://encrypted-tbn0.gstatic.com/images?q=tbn:ANd9GcSON1TWDFsdm09xYCHZoluiPdxWAkO1CmQVzsC7hOFHXDsUgo_RJ3eknv2JIQ&s,Sunrisers Hyderabad ,Right hand Bat,Right arm Offbreak,Wicketkeeper Batter
Bhuvneshwar Kumar,https://encrypted-tbn0.gstatic.com/images?q=tbn:ANd9GcRKXNJ_KaQtAJSXLAhsUb1I526Ad6Oq5wqDR73jtMZMKLHG5ZegyPqZhQudvA&s,Sunrisers Hyderabad ,Right hand Bat,Right arm Medium,Bowler
Mayank Markande,https://encrypted-tbn0.gstatic.com/images?q=tbn:ANd9GcQKyTln1TLo60bEg9txTNJAK4G4-mc3C5ms49WVwN9bGeGiCvdDCJ3WdnEJxjA&s,Sunrisers Hyderabad ,Right hand Bat,Legbreak,Bowler
T Natarajan,https://encrypted-tbn0.gstatic.com/images?q=tbn:ANd9GcQLo1selkrwktxUIX3B0MmLyVYp0Ba4lkOf3050NFltBsXnukfcDODLCCmI1qE&s,Sunrisers Hyderabad ,Left hand Bat,Left arm Medium,Bowler
Nitish Kumar Reddy,https://encrypted-tbn0.gstatic.com/images?q=tbn:ANd9GcRmN9lA-HAjdQXqSOQfekBI1M8enuBrvSDxa-gWapSBSGTj0EeqZNSOogfQbYY&s,Sunrisers Hyderabad ,Right hand Bat,Right arm Medium fast,Batting Allrounder
Glenn Phillips,https://encrypted-tbn0.gstatic.com/images?q=tbn:ANd9GcQfbQwgf0Kpqod4qok_TnGwQdYX8XYmSUoo9sZ7REaVLsQxNp0kC0jIcirPrMk&s,Sunrisers Hyderabad ,Right hand Bat,Right arm Offbreak,Wicketkeeper Batter
Adil Rashid,https://encrypted-tbn0.gstatic.com/images?q=tbn:ANd9GcSDlUm9zk9vXVuCLx6attwKdP9n2DVZB9bXblzhRNCPJegbREz2xcI-6qphfg&s,Sunrisers Hyderabad ,Right hand Bat,Legbreak,Bowler
Sanvir Singh,https://encrypted-tbn0.gstatic.com/images?q=tbn:ANd9GcSJNSbh7hNRvu-ZxJLRE-fSIhm2gkl4WJh1fc_BkJ4Xt54FWs2ipm823EXcNrk&s,Sunrisers Hyderabad ,Right hand Bat,Right arm Medium,Allrounder
Rahul Tripathi,https://encrypted-tbn0.gstatic.com/images?q=tbn:ANd9GcT-xQrwD0Chb8BHRp3MX8C4GSrfJSUjkvyMdfKCzVQyMrqglFQQps7ZrKtBQw&s,Sunrisers Hyderabad ,Right hand Bat,Right arm Medium,Top order Batter
Umran Malik,https://encrypted-tbn0.gstatic.com/images?q=tbn:ANd9GcSeEZFa61nD4Jf6x9oPX3dS0vIeDIJNBuKkRWlV7QydXSegWlcZnOt20iKO1w&s,Sunrisers Hyderabad ,Right hand Bat,Right arm Fast,Bowler
Vivrant Sharma,https://encrypted-tbn0.gstatic.com/images?q=tbn:ANd9GcSzwu4LE66mvd7mBw5ZbCtYScfc8UansvnLqMkaMzf-9lbGwdoof884yMyM-CA&s,Sunrisers Hyderabad ,Left hand Bat,Legbreak Googly,Allrounder
Samarth Vyas,https://encrypted-tbn0.gstatic.com/images?q=tbn:ANd9GcQgDhQvvkQhsSUHuJJ77ZwndcTdlngfl17pkrRlDqIr6vbcuinHb0xnY8cNLA&s,Sunrisers Hyderabad ,Right hand Bat,Legbreak Googly,Allrounder
Upendra Yadav,https://encrypted-tbn0.gstatic.com/images?q=tbn:ANd9GcRC7yoHwQpCQ2RbYQvWNF7HWazhhK0IQ5HKh2gWpdN-1iMMeSjoIIEaV6C8ZA&s,Sunrisers Hyderabad ,Right hand Bat,Right arm Offbreak,Wicketkeeper Batter
Washington Sundar,https://encrypted-tbn0.gstatic.com/images?q=tbn:ANd9GcSQEHZJuY9VslUaHfuUrK-Cj27ltb869h0k59uYenXSf0PxLZ9PfOSddebrEZs&s,Sunrisers Hyderabad ,Left hand Bat,Right arm Offbreak,Bowling Allrounder
